dataset,lookback,horizon,ratio,model,n,mae_mean,mae_sd,rmse_mean,rmse_sd,parameters,train_seconds_mean,peak_gpu_bytes_max,best_epoch_mean
ETTh1,24,24,1.0,LSTM,10,0.5217950176812033,0.00977738854241166,0.7593096915243742,0.016210535172400137,840872,8.491909441538155,105138176,3.4
ETTh1,24,24,1.0,Transformer,10,0.501900883852061,0.006212884944635943,0.7363599888843378,0.009857569680868265,836776,16.131238713348285,110214144,5.9
ETTh1,48,24,1.0,LSTM,10,0.5217710372995226,0.009302875979441592,0.7569758799116209,0.01804049560494249,840872,13.369345256779344,120131072,4.0
ETTh1,48,24,1.0,Transformer,10,0.49581156587698516,0.007602288141474363,0.7144810907178604,0.008102373994384385,836776,17.05966229410842,131023360,6.5
ETTh1,96,12,1.0,LSTM,10,0.5024703156025743,0.01293641319127708,0.7314717464561884,0.018465664672158818,819284,29.33914034636691,151056384,7.9
ETTh1,96,12,1.0,Transformer,10,0.4548254117603875,0.007669977936942999,0.658125280476616,0.012223133033914882,815188,16.911340123042464,173227520,6.3
ETTh1,96,24,0.3,LSTM,10,0.5454824435129918,0.01749790421842882,0.7707387885422767,0.027386285385129393,840872,8.791848520934582,151424000,6.9
ETTh1,96,24,0.3,Transformer,10,0.5155852774572953,0.011749635128896574,0.7174445832304727,0.011254185952946716,836776,6.269961032923311,173595136,8.8
ETTh1,96,24,0.5,LSTM,10,0.5107930842665459,0.006453140797548343,0.7364921734808612,0.0143872768207002,840872,10.516987375635654,151424000,2.6
ETTh1,96,24,0.5,Transformer,10,0.48416026661569156,0.004357028192073023,0.6918102883608873,0.006193818987757386,836776,7.766472787689418,173595136,4.7
ETTh1,96,24,0.7,LSTM,10,0.5204058082025895,0.016326794983593466,0.7512419190000534,0.021525024679519094,840872,17.173546767095104,151424000,4.9
ETTh1,96,24,0.7,Transformer,10,0.48843816120156464,0.008183211877687733,0.7003296326042474,0.01073159887807091,836776,12.492197235533968,173595136,7.2
ETTh1,96,24,1.0,LSTM,10,0.5264489320948147,0.008362800731598362,0.7633409681527054,0.009807240104275071,840872,23.564352943142875,151424000,4.4
ETTh1,96,24,1.0,Transformer,10,0.4923206627473603,0.007192027592785702,0.7077225204203165,0.011030525329698513,836776,16.973007104313,173595136,6.5
ETTh1,96,48,1.0,LSTM,10,0.5406207468136801,0.012096331504746713,0.773876554625242,0.014304882489296154,884048,20.86350422091782,152157184,2.7
ETTh1,96,48,1.0,Transformer,10,0.5297507282680277,0.00969015327358353,0.7382347886228444,0.012066238341611702,879952,17.66468491861597,174328320,6.9
ETTh1,96,96,1.0,LSTM,10,0.6013491765789912,0.05099577024389972,0.8438417461005063,0.071210872552885,970400,20.745054127648473,153625600,2.5
ETTh1,96,96,1.0,Transformer,10,0.5732461361293391,0.019962362605040335,0.7822852070481208,0.023777900922034693,966304,14.773900148039683,175796736,4.0
ETTh1,96,192,1.0,LSTM,10,0.6103573435781792,0.03126711132725771,0.8441979397988254,0.043627105547829545,1143104,21.826248000049965,157346816,3.2
ETTh1,96,192,1.0,Transformer,10,0.6319294629776564,0.016995849991183375,0.8506734471679867,0.022627843518843022,1139008,12.324546031327918,181328384,1.7
ETTh1,168,24,1.0,LSTM,10,0.5145717222732897,0.00918691081504093,0.7463134394951563,0.0184062779339184,840872,38.498069781716914,198062080,4.7
ETTh1,168,24,1.0,Transformer,10,0.49638586629342696,0.009748297203650634,0.7082789410451118,0.01612892387153918,836776,23.989994514500722,240627200,7.1
ETTh1,336,24,1.0,LSTM,10,0.5208853438754426,0.01484093863302318,0.7517876498156586,0.01906883349682394,840872,65.1507238721475,297803264,3.4
ETTh1,336,24,1.0,Transformer,10,0.5143316740333186,0.022436491717385116,0.7262107459082265,0.029180956054278586,836776,52.71330850534141,391311872,7.6
ETTm1,96,24,1.0,LSTM,10,0.41312104114297094,0.009199446231283858,0.6263243944046119,0.021547804648077793,840872,99.57474210034124,151424000,5.0
ETTm1,96,24,1.0,Transformer,10,0.37018563557543505,0.007011210460121764,0.567917656454414,0.00872286480457444,836776,61.347301305783915,173595136,4.6
Exchange,96,24,1.0,LSTM,10,0.5787794234433505,0.013819905799130488,0.6622588908105573,0.023759339500960392,840872,9.987472959281877,151424000,4.3
Exchange,96,24,1.0,Transformer,10,0.3787013736001833,0.02694901780324795,0.4622967403671604,0.0398513410283413,836776,6.527758251642808,173595136,4.7
Traffic,96,24,1.0,LSTM,10,0.2628780701173645,0.0036309412252847517,0.5071759797387418,0.006444468001225101,840872,28.55520528969355,151424000,7.3
Traffic,96,24,1.0,Transformer,10,0.27832957999296987,0.002866610401822576,0.5125023454582284,0.0046945972522440035,836776,31.543349532783033,173595136,20.1
