dataset,lookback,horizon,ratio,model,mae,rmse,alpha
ETTh1,24,24,1.0,Persistence,0.8425274426898669,1.270961809589839,
ETTh1,24,24,1.0,SeasonalNaive,0.4190650454325087,0.6693586074502346,
ETTh1,24,24,1.0,Ridge,0.4105902266175292,0.6129306618840645,0.01
ETTh1,48,24,1.0,Persistence,0.8425274426898669,1.270961809589839,
ETTh1,48,24,1.0,SeasonalNaive,0.4190650454325087,0.6693586074502346,
ETTh1,48,24,1.0,Ridge,0.39488007331613656,0.5967541413663775,0.01
ETTh1,96,12,1.0,Persistence,0.8469587555562555,1.2849246697033414,
ETTh1,96,12,1.0,SeasonalNaive,0.4186304976306953,0.668614070179211,
ETTh1,96,12,1.0,Ridge,0.3783972186188404,0.564423110816917,0.01
ETTh1,96,24,0.3,Persistence,0.8425274401985877,1.2709618069062014,
ETTh1,96,24,0.3,SeasonalNaive,0.4190650444533027,0.6693586064591548,
ETTh1,96,24,0.3,Ridge,0.39000486649874067,0.5818958932888378,100.0
ETTh1,96,24,0.5,Persistence,0.8425274407535418,1.2709618086107661,
ETTh1,96,24,0.5,SeasonalNaive,0.41906504430789776,0.669358606709504,
ETTh1,96,24,0.5,Ridge,0.3883707204213939,0.5787493056635974,0.01
ETTh1,96,24,0.7,Persistence,0.8425274408521439,1.270961808874758,
ETTh1,96,24,0.7,SeasonalNaive,0.41906504515851994,0.6693586084795945,
ETTh1,96,24,0.7,Ridge,0.3892160340691619,0.5809349901855226,0.01
ETTh1,96,24,1.0,Persistence,0.8425274426898669,1.270961809589839,
ETTh1,96,24,1.0,SeasonalNaive,0.4190650454325087,0.6693586074502346,
ETTh1,96,24,1.0,Ridge,0.3912346783936821,0.5852297649570762,100.0
ETTh1,96,48,1.0,Persistence,0.8708045861252354,1.2936162377612084,
ETTh1,96,48,1.0,SeasonalNaive,0.4601041535301988,0.731502569047711,
ETTh1,96,48,1.0,Ridge,0.4221942009534838,0.6285170824611507,100.0
ETTh1,96,96,1.0,Persistence,0.904308617651681,1.3210618679083963,
ETTh1,96,96,1.0,SeasonalNaive,0.5067431955586347,0.7983301735253525,
ETTh1,96,96,1.0,Ridge,0.45410425119731557,0.667790385834416,100.0
ETTh1,96,192,1.0,Persistence,0.9285498533526196,1.3377999096622146,
ETTh1,96,192,1.0,SeasonalNaive,0.5371421202043798,0.8278966109807421,
ETTh1,96,192,1.0,Ridge,0.48343374885648066,0.6908052396099653,100.0
ETTh1,168,24,1.0,Persistence,0.8425274426898669,1.270961809589839,
ETTh1,168,24,1.0,SeasonalNaive,0.4190650454325087,0.6693586074502346,
ETTh1,168,24,1.0,Ridge,0.38379148496892784,0.5703255852595621,100.0
ETTh1,336,24,1.0,Persistence,0.8425274426898669,1.270961809589839,
ETTh1,336,24,1.0,SeasonalNaive,0.4190650454325087,0.6693586074502346,
ETTh1,336,24,1.0,Ridge,0.3820827282593413,0.5667388832207103,100.0
ETTm1,96,24,1.0,Persistence,0.5583543510210888,0.9019027861377049,
ETTm1,96,24,1.0,SeasonalNaive,0.41831230575133455,0.6700619687224568,
ETTm1,96,24,1.0,Ridge,0.34409127397446226,0.5178982650647251,0.01
Exchange,96,24,1.0,Persistence,0.11359231506698626,0.17155816458353132,
Exchange,96,24,1.0,Ridge,0.11188655614523986,0.17194231913081723,0.01
Traffic,96,24,1.0,Persistence,0.9192793250121888,1.4284441996276873,
Traffic,96,24,1.0,SeasonalNaive,0.3788219857065514,0.8300311452310356,
Traffic,96,24,1.0,Ridge,0.4190382844952823,0.7081250612863104,0.01
