dataset,lookback,horizon,ratio,n,complete,lstm_mae,lstm_sd,transformer_mae,transformer_sd,paired_difference,ci_low,ci_high,improvement_pct,paired_t_p,wilcoxon_p,dz,t_holm_p,wilcoxon_holm_p
ETTh1,24,24,1.0,10,True,0.5217950176812034,0.009777388542411666,0.501900883852061,0.006212884944635941,0.01989413382914232,0.010795160331787805,0.028993107326496834,3.8126339184972564,0.0007956409906744867,0.001953125,1.5640672024675022,0.005569486934721406,0.029296875
ETTh1,48,24,1.0,10,True,0.5217710372995226,0.009302875979441603,0.49581156587698516,0.007602288141474364,0.025959471422537378,0.017927657216239262,0.033991285628835494,4.975261094769304,4.508926143437956e-05,0.001953125,2.312091226333056,0.00040580335290941604,0.029296875
ETTh1,96,12,1.0,10,True,0.5024703156025743,0.012936413191277082,0.4548254117603875,0.007669977936943021,0.047644903842186684,0.034190593898056426,0.06109921378631694,9.482133046018808,2.1896714645430884e-05,0.001953125,2.5332485382149343,0.00021896714645430884,0.029296875
ETTh1,96,24,0.3,10,True,0.5454824435129918,0.01749790421842882,0.5155852774572953,0.011749635128896582,0.02989716605569661,0.01552979549626035,0.04426453661513287,5.480866783384303,0.0011086555836072544,0.001953125,1.4885913966613755,0.006651933501643526,0.029296875
ETTh1,96,24,0.5,10,True,0.5107930842665459,0.006453140797548363,0.48416026661569156,0.0043570281920730205,0.026632817650854318,0.020681902169119373,0.03258373313258926,5.214012967520246,3.2288379184766585e-06,0.001953125,3.201519176493553,3.87460550217199e-05,0.029296875
ETTh1,96,24,0.7,10,True,0.5204058082025896,0.016326794983593483,0.48843816120156464,0.008183211877687727,0.031967647001024904,0.017715088421864728,0.04622020558018508,6.142830555914966,0.0006683447276493196,0.001953125,1.604503284330869,0.0053467578211945565,0.029296875
ETTh1,96,24,1.0,10,True,0.5264489320948147,0.008362800731598388,0.4923206627473603,0.007192027592785702,0.034128269347454436,0.025930469991833446,0.042326068703075426,6.4827312331422595,5.88273948554097e-06,0.001953125,2.9781032821194655,6.471013434095067e-05,0.029296875
ETTh1,96,48,1.0,10,True,0.5406207468136801,0.012096331504746712,0.5297507282680278,0.009690153273583526,0.010870018545652426,-0.0006459713786095417,0.022386008469914394,2.010655086716211,0.061492895655790566,0.083984375,0.6752300832142433,0.24597158262316227,0.3359375
ETTh1,96,96,1.0,10,True,0.6013491765789911,0.05099577024389972,0.5732461361293391,0.019962362605040352,0.028103040449652172,-0.011357619247886391,0.06756370014719074,4.673331492615864,0.141626340393311,0.130859375,0.509461935482603,0.37257726720591533,0.392578125
ETTh1,96,192,1.0,10,True,0.6103573435781793,0.031267111327257714,0.6319294629776563,0.016995849991183344,-0.02157211939947712,-0.05035164988352539,0.007207411084571149,-3.5343425661125014,0.12419242240197179,0.16015625,-0.5362062663869523,0.37257726720591533,0.392578125
ETTh1,168,24,1.0,10,True,0.5145717222732896,0.009186910815040951,0.496385866293427,0.009748297203650643,0.018185855979862726,0.008459058841999966,0.027912653117725485,3.5341732148670615,0.0022083185473862374,0.00390625,1.337478049774837,0.011041592736931187,0.029296875
ETTh1,336,24,1.0,10,True,0.5208853438754426,0.014840938633023177,0.5143316740333186,0.022436491717385112,0.006553669842123982,-0.017497042538463636,0.030604382222711602,1.2581789676330646,0.5528851999135861,0.4921875,0.19493031669677138,0.5528851999135861,0.4921875
ETTm1,96,24,1.0,10,True,0.41312104114297094,0.009199446231283853,0.370185635575435,0.007011210460121762,0.04293540556753591,0.034538168057105675,0.051332643077966145,10.392936038490722,1.05275792826576e-06,0.001953125,3.6576479879242325,1.3685853067454879e-05,0.029296875
Exchange,96,24,1.0,10,True,0.5787794234433506,0.013819905799130483,0.3787013736001833,0.02694901780324796,0.2000780498431672,0.17851586578361506,0.22164023390271936,34.5689638814104,5.924832793902134e-09,0.001953125,6.637881130069611,8.887249190853201e-08,0.029296875
Traffic,96,24,1.0,10,True,0.26287807011736447,0.0036309412252847556,0.27832957999296987,0.0028666104018225643,-0.015451509875605363,-0.018105068812214697,-0.01279795093899603,-5.877823840043746,3.467449352785466e-07,0.001953125,-4.165479102410697,4.854429093899652e-06,0.029296875
